{"W0716-wrong-exception-operation": 3.971090461440711e-06, "W1301-unused-format-string-key": 3.971090461440711e-06, "E1201-logging-format-truncated": 7.160502667287243e-06, "E0710-raising-non-exception": 7.160502667287243e-06, "E0242-class-variable-slots-conflict": 7.160502667287243e-06, "W1402-anomalous-unicode-escape-in-string": 7.160502667287243e-06, "E0643-potential-index-error": 7.160502667287243e-06, "W0124-confusing-with-statement": 7.160502667287243e-06, "E2510-invalid-character-backspace": 7.160502667287243e-06, "W0177-nan-comparison": 7.160502667287243e-06, "E0239-inherit-non-class": 7.160502667287243e-06, "E0703-bad-exception-context": 7.942180922881422e-06, "E1301-truncated-format-string": 1.1913271384322135e-05, "E1142-await-outside-async": 1.4321005334574486e-05, "W1115-non-str-assignment-to-dunder-name": 1.4321005334574486e-05, "E1206-logging-too-few-args": 1.4321005334574486e-05, "W1518-method-cache-max-size-none": 1.4321005334574486e-05, "W0245-super-without-brackets": 1.4321005334574486e-05, "E0114-star-needs-assignment-target": 1.4321005334574486e-05, "E0011-unrecognized-inline-option": 1.5102683590168665e-05, "W1305-format-combined-specification": 1.5102683590168665e-05, "E1134-not-a-mapping": 1.8292095796015198e-05, "E0111-bad-reversed-sequence": 1.9661687300967618e-05, "E0604-invalid-all-object": 2.148150800186173e-05, "E1300-bad-format-character": 2.148150800186173e-05, "W1506-bad-thread-instantiation": 2.148150800186173e-05, "W0410-misplaced-future": 2.148150800186173e-05, "C0132-typevar-name-mismatch": 2.148150800186173e-05, "W0126-missing-parentheses-for-call-in-test": 2.226318625745591e-05, "W1302-bad-format-string": 2.382654276864427e-05, "E0303-invalid-length-returned": 2.8642010669148973e-05, "E0110-abstract-class-instantiated": 2.9423688924743153e-05, "E0119-misplaced-format-function": 3.020536718033733e-05, "E1138-unsupported-delete-operation": 3.580251333643622e-05, "E0306-invalid-repr-returned": 3.580251333643622e-05, "E0304-invalid-bool-returned": 3.580251333643622e-05, "W1306-missing-format-attribute": 3.717210484138864e-05, "E0701-bad-except-order": 4.6934106465164174e-05, "E2502-bidirectional-unicode": 5.01235186710107e-05, "W0244-redefined-slots-in-subclass": 5.01235186710107e-05, "W1307-invalid-format-index": 5.378206398992626e-05, "W1501-bad-open-mode": 5.722132215482814e-05, "E0107-nonexistent-operator": 6.0023204348202786e-05, "E0712-catching-non-exception": 6.197409087186303e-05, "W0711-binary-op-exception": 6.418805981587944e-05, "E0118-used-prior-global-declaration": 6.438182482211537e-05, "E0103-not-in-loop": 6.444452400558519e-05, "C0105-typevar-name-incorrect-variance": 6.444452400558519e-05, "W0129-assert-on-string-literal": 6.522620226117936e-05, "E1310-bad-str-strip-call": 6.569533537424839e-05, "E0605-invalid-all-format": 7.160502667287244e-05, "E2513-invalid-character-esc": 7.71394736455015e-05, "E1125-missing-kwoa": 8.67077102630411e-05, "E0311-invalid-format-returned": 9.308653467473417e-05, "C0205-single-string-used-for-slots": 0.00011456804267659589, "C3002-unnecessary-direct-lambda-call": 0.00011456804267659589, "E0307-invalid-str-returned": 0.00011730722568650073, "W0705-duplicate-except": 0.0001272002931330424, "E1127-invalid-slice-index": 0.00012888904801117038, "R0022-useless-option-value": 0.00013604955067845762, "W0199-assert-on-tuple": 0.00013604955067845762, "E0301-non-iterator-returned": 0.00014321005334574487, "R0206-property-with-parameters": 0.00015753105868031935, "E2515-invalid-character-zero-width-space": 0.00017263374227048802, "W0128-redeclared-assigned-name": 0.0001803194590036637, "W1116-isinstance-second-argument-not-valid-type": 0.00018598497179905888, "E0633-unpacking-non-sequence": 0.00018689204842159272, "W1509-subprocess-popen-preexec-fn": 0.00019333357201675556, "R1709-simplify-boolean-expression": 0.00019348354175664903, "W1303-missing-format-argument-key": 0.00019724196329472645, "E1139-invalid-metaclass": 0.0002148150800186173, "W1508-invalid-envvar-default": 0.00025777809602234075, "E0302-unexpected-special-method-signature": 0.00026174918648378146, "E0237-assigning-non-slot": 0.00027607019181835596, "E1306-too-few-format-args": 0.0002767264717070105, "R0901-too-many-ancestors": 0.00029358060935877697, "W1515-forgotten-debug-statement": 0.0003014600910981886, "W0233-non-parent-init-called": 0.00030790161469335147, "R0133-comparison-of-constants": 0.0003150621173606387, "E0101-return-in-init": 0.0003420219913823101, "R1733-unnecessary-dict-index-lookup": 0.0003444048339833473, "E1307-bad-string-format-type": 0.00035002025325801096, "C0327-mixed-line-endings": 0.00035608558175235496, "W0222-signature-differs": 0.0003580251333643622, "E1124-redundant-keyword-arg": 0.00035952579069208074, "W1517-cache-max-size-none": 0.0003667940494063054, "R1726-simplifiable-condition": 0.00037206478316001575, "E1205-logging-too-many-args": 0.00038666714403351113, "W1304-unused-format-string-argument": 0.00039929939448995767, "C0208-use-sequence-for-iteration": 0.00040512811348654713, "W1503-redundant-unittest-assert": 0.0004081486520353729, "R1712-consider-swap-variables": 0.00042452168170989467, "C0204-bad-mcs-classmethod-argument": 0.0004313312006018395, "E1126-invalid-sequence-index": 0.000447159481494783, "E1129-not-context-manager": 0.0004533940036224091, "R0202-no-classmethod-decorator": 0.00045827217070638356, "R1727-condition-evals-to-constant": 0.0004792530360153107, "E0704-misplaced-bare-raise": 0.0005315961910861643, "W0236-invalid-overridden-method": 0.000558519208048405, "W1513-deprecated-decorator": 0.000558519208048405, "R1713-consider-using-join": 0.0005909587096870112, "W0143-comparison-with-callable": 0.0006013634439158393, "E2511-invalid-character-carriage-return": 0.0006086427267194157, "W1512-deprecated-class": 0.0006430945524680268, "W0604-global-at-module-level": 0.0006444452400558519, "W0642-self-cls-assignment": 0.0006450520572223376, "E0711-notimplemented-raised": 0.0006632625499177555, "C0203-bad-mcs-method-argument": 0.0006980896199923616, "E1305-too-many-format-args": 0.0007112650376569999, "E1137-unsupported-assignment-operation": 0.0007293766049080801, "E0202-method-hidden": 0.0007601897400297269, "E4702-modified-iterating-dict": 0.0008021952659139236, "E0012-bad-option-value": 0.0008180446350567866, "E0702-raising-bad-type": 0.000822068991339692, "E1135-unsupported-membership-test": 0.0008361278650287343, "W0211-bad-staticmethod-argument": 0.0008879023307436182, "R1736-unnecessary-list-index-lookup": 0.0008879023307436182, "E1003-bad-super-call": 0.0009419969398760696, "W0130-duplicate-value": 0.0009595073574164907, "C2503-bad-file-encoding": 0.0009666678600837779, "R1715-consider-using-get": 0.0010025822153495916, "E1111-assignment-from-no-return": 0.0010095177634070387, "W2301-unnecessary-ellipsis": 0.0010236327180489003, "E1133-not-an-iterable": 0.0010929116138721174, "W0150-lost-exception": 0.001096306125995853, "R0124-comparison-with-itself": 0.0010973014239496343, "I1101-c-extension-no-member": 0.0011615647886117218, "R0203-no-staticmethod-decorator": 0.0011743224374351079, "E1128-assignment-from-none": 0.0011787626610096176, "W0012-unknown-option-value": 0.0012316064587734059, "W1510-subprocess-run-check": 0.0012552392365358144, "W1310-format-string-without-interpolation": 0.0014003106843228866, "W1404-implicit-str-concat": 0.0014280667438125382, "W1308-duplicate-string-formatting-argument": 0.0015754785096853906, "R1708-stop-iteration-return": 0.0016229545126076612, "W4701-modified-iterating-list": 0.001685624300814977, "C0207-use-maxsplit-arg": 0.001708826685188198, "W0238-unused-private-member": 0.0017090900875848154, "W0706-try-except-raise": 0.0017293346142847606, "E0117-nonlocal-without-binding": 0.0017316091169646513, "E1130-invalid-unary-operand-type": 0.0017550846570727563, "W0715-raising-format-tuple": 0.0019097851391111902, "E1123-unexpected-keyword-arg": 0.0019952137007264352, "W1114-arguments-out-of-order": 0.002138187794258185,